
cleared,02-14-2015,,"SAFARI BOOKS ONLIN","","-46.81","",'XXXXXXXXXXXX4047',552
cleared,02-11-2015,,"APL* ITUNES.COM/BI","","-3.26","",'XXXXXXXXXXXX4047',552
cleared,02-11-2015,,"PLURALSIGHT LLC","","-29.00","",'XXXXXXXXXXXX4047',552
cleared,01-31-2015,,"UBER","","13.20","",'XXXXXXXXXXXX4047',552
cleared,01-30-2015,,"UBER","","-25.20","",'XXXXXXXXXXXX4047',552
cleared,01-29-2015,,"APL* ITUNES.COM/BI","","-7.59","",'XXXXXXXXXXXX4047',552
cleared,01-27-2015,,"UDEMY.COM","","-9.00","",'XXXXXXXXXXXX4047',552
cleared,01-27-2015,,"UDEMY.COM","","-49.00","",'XXXXXXXXXXXX4047',552
cleared,01-26-2015,,"WWW.TEAMTREEHOUSE.","","-25.00","",'XXXXXXXXXXXX4047',552
cleared,01-24-2015,,"GH GITHUB.COM    W","","-7.00","",'XXXXXXXXXXXX4047',552
cleared,01-20-2015,,"MTA MVM*18TH STREE","","-19.05","",'XXXXXXXXXXXX4047',552
cleared,01-19-2015,,"DNH*GODADDY.COM","","-1.09","",'XXXXXXXXXXXX4047',552
cleared,01-19-2015,,"DNH*GODADDY.COM","","-1.09","",'XXXXXXXXXXXX4047',552
cleared,01-18-2015,,"APL* ITUNES.COM/BI","","-2.17","",'XXXXXXXXXXXX4047',552
cleared,01-18-2015,,"DNH*GODADDY.COM","","-9.16","",'XXXXXXXXXXXX4047',552
cleared,01-15-2015,,"DNH*GODADDY.COM","","-17.33","",'XXXXXXXXXXXX4047',552
cleared,01-14-2015,,"UBER TECHNOLOGIES","","-8.00","",'XXXXXXXXXXXX4047',552
cleared,01-14-2015,,"SAFARI BOOKS ONLIN","","-46.81","",'XXXXXXXXXXXX4047',552
cleared,01-11-2015,,"PLURALSIGHT LLC","","-29.00","",'XXXXXXXXXXXX4047',552
cleared,01-10-2015,,"UBER TECHNOLOGIES","","-11.42","",'XXXXXXXXXXXX4047',552
cleared,01-10-2015,,"CHIPOTLE 0561","","-9.75","",'XXXXXXXXXXXX4047',552
cleared,01-09-2015,,"MTA MVM*23RD STREE","","-19.05","",'XXXXXXXXXXXX4047',552
cleared,01-05-2015,,"UBER TECHNOLOGIES","","-16.03","",'XXXXXXXXXXXX4047',552
cleared,01-01-2015,,"APL* ITUNES.COM/BI","","-3.24","",'XXXXXXXXXXXX4047',552
